epoch,steps,MAP,MRR@10,NDCG@10
1.0,671,0.8845127118504024,0.9604938271604938,0.9334120150516534
2.0,1342,0.8927176852035239,0.945679012345679,0.9335162108270637
3.0,2013,0.8924483458927903,0.9419753086419752,0.9325221153471784
